{
  "student": {
    "results": {
      "arc_challenge": {
        "alias": "arc_challenge",
        "acc,none": 0.4991467576791809,
        "acc_stderr,none": 0.014611369529813302,
        "acc_norm,none": 0.5341296928327645,
        "acc_norm_stderr,none": 0.014577311315231023
      },
      "gsm8k": {
        "alias": "gsm8k",
        "exact_match,strict-match": 0.8203184230477635,
        "exact_match_stderr,strict-match": 0.01057511996424223,
        "exact_match,flexible-extract": 0.8134950720242609,
        "exact_match_stderr,flexible-extract": 0.010729140039689923
      },
      "hellaswag": {
        "alias": "hellaswag",
        "acc,none": 0.5296753634734117,
        "acc_stderr,none": 0.004980985384152798,
        "acc_norm,none": 0.7044413463453495,
        "acc_norm_stderr,none": 0.004553609405747011
      },
      "humaneval": {
        "alias": "humaneval",
        "pass@1,create_test": 0.4817073170731707,
        "pass@1_stderr,create_test": 0.039136804085889425
      },
      "mbpp": {
        "alias": "mbpp",
        "pass_at_1,none": 0.392,
        "pass_at_1_stderr,none": 0.021854684955611266
      },
      "mmlu": {
        "acc,none": 0.5648055832502492,
        "acc_stderr,none": 0.004010117184426299,
        "alias": "mmlu"
      },
      "mmlu_humanities": {
        "acc,none": 0.49904357066950056,
        "acc_stderr,none": 0.006899989645907027,
        "alias": " - humanities"
      },
      "mmlu_formal_logic": {
        "alias": "  - formal_logic",
        "acc,none": 0.42063492063492064,
        "acc_stderr,none": 0.044154382267437474
      },
      "mmlu_high_school_european_history": {
        "alias": "  - high_school_european_history",
        "acc,none": 0.6727272727272727,
        "acc_stderr,none": 0.036639749943912406
      },
      "mmlu_high_school_us_history": {
        "alias": "  - high_school_us_history",
        "acc,none": 0.6911764705882353,
        "acc_stderr,none": 0.03242661719827215
      },
      "mmlu_high_school_world_history": {
        "alias": "  - high_school_world_history",
        "acc,none": 0.7341772151898734,
        "acc_stderr,none": 0.02875679962965839
      },
      "mmlu_international_law": {
        "alias": "  - international_law",
        "acc,none": 0.6942148760330579,
        "acc_stderr,none": 0.04205953933884123
      },
      "mmlu_jurisprudence": {
        "alias": "  - jurisprudence",
        "acc,none": 0.6759259259259259,
        "acc_stderr,none": 0.04524596007030053
      },
      "mmlu_logical_fallacies": {
        "alias": "  - logical_fallacies",
        "acc,none": 0.6993865030674846,
        "acc_stderr,none": 0.036025113188067656
      },
      "mmlu_moral_disputes": {
        "alias": "  - moral_disputes",
        "acc,none": 0.630057803468208,
        "acc_stderr,none": 0.02599247202930639
      },
      "mmlu_moral_scenarios": {
        "alias": "  - moral_scenarios",
        "acc,none": 0.27150837988826815,
        "acc_stderr,none": 0.01487425216809521
      },
      "mmlu_philosophy": {
        "alias": "  - philosophy",
        "acc,none": 0.6077170418006431,
        "acc_stderr,none": 0.027731258647012022
      },
      "mmlu_prehistory": {
        "alias": "  - prehistory",
        "acc,none": 0.6358024691358025,
        "acc_stderr,none": 0.026774929899722324
      },
      "mmlu_professional_law": {
        "alias": "  - professional_law",
        "acc,none": 0.40352020860495436,
        "acc_stderr,none": 0.012530241301193054
      },
      "mmlu_world_religions": {
        "alias": "  - world_religions",
        "acc,none": 0.7192982456140351,
        "acc_stderr,none": 0.03446296217088429
      },
      "mmlu_other": {
        "acc,none": 0.6182813002896685,
        "acc_stderr,none": 0.008453396849417056,
        "alias": " - other"
      },
      "mmlu_business_ethics": {
        "alias": "  - business_ethics",
        "acc,none": 0.63,
        "acc_stderr,none": 0.048523658709390974
      },
      "mmlu_clinical_knowledge": {
        "alias": "  - clinical_knowledge",
        "acc,none": 0.6113207547169811,
        "acc_stderr,none": 0.03000048544867597
      },
      "mmlu_college_medicine": {
        "alias": "  - college_medicine",
        "acc,none": 0.5953757225433526,
        "acc_stderr,none": 0.037424611938872455
      },
      "mmlu_global_facts": {
        "alias": "  - global_facts",
        "acc,none": 0.34,
        "acc_stderr,none": 0.04760952285695233
      },
      "mmlu_human_aging": {
        "alias": "  - human_aging",
        "acc,none": 0.6188340807174888,
        "acc_stderr,none": 0.0325962511841683
      },
      "mmlu_management": {
        "alias": "  - management",
        "acc,none": 0.7475728155339806,
        "acc_stderr,none": 0.04301250399690879
      },
      "mmlu_marketing": {
        "alias": "  - marketing",
        "acc,none": 0.8034188034188035,
        "acc_stderr,none": 0.026035386098951282
      },
      "mmlu_medical_genetics": {
        "alias": "  - medical_genetics",
        "acc,none": 0.61,
        "acc_stderr,none": 0.04902071300001973
      },
      "mmlu_miscellaneous": {
        "alias": "  - miscellaneous",
        "acc,none": 0.722860791826309,
        "acc_stderr,none": 0.01600563629412252
      },
      "mmlu_nutrition": {
        "alias": "  - nutrition",
        "acc,none": 0.6470588235294118,
        "acc_stderr,none": 0.027363593284684976
      },
      "mmlu_professional_accounting": {
        "alias": "  - professional_accounting",
        "acc,none": 0.40425531914893614,
        "acc_stderr,none": 0.029275532159704753
      },
      "mmlu_professional_medicine": {
        "alias": "  - professional_medicine",
        "acc,none": 0.5183823529411765,
        "acc_stderr,none": 0.030352303395351905
      },
      "mmlu_virology": {
        "alias": "  - virology",
        "acc,none": 0.4578313253012048,
        "acc_stderr,none": 0.038786267710023595
      },
      "mmlu_social_sciences": {
        "acc,none": 0.6525836854078648,
        "acc_stderr,none": 0.008439692655299204,
        "alias": " - social sciences"
      },
      "mmlu_econometrics": {
        "alias": "  - econometrics",
        "acc,none": 0.42105263157894735,
        "acc_stderr,none": 0.04644602091222323
      },
      "mmlu_high_school_geography": {
        "alias": "  - high_school_geography",
        "acc,none": 0.7474747474747475,
        "acc_stderr,none": 0.030954055470365872
      },
      "mmlu_high_school_government_and_politics": {
        "alias": "  - high_school_government_and_politics",
        "acc,none": 0.7772020725388601,
        "acc_stderr,none": 0.030031147977641528
      },
      "mmlu_high_school_macroeconomics": {
        "alias": "  - high_school_macroeconomics",
        "acc,none": 0.5615384615384615,
        "acc_stderr,none": 0.025158266016868595
      },
      "mmlu_high_school_microeconomics": {
        "alias": "  - high_school_microeconomics",
        "acc,none": 0.634453781512605,
        "acc_stderr,none": 0.031282177063684614
      },
      "mmlu_high_school_psychology": {
        "alias": "  - high_school_psychology",
        "acc,none": 0.744954128440367,
        "acc_stderr,none": 0.018688500856535898
      },
      "mmlu_human_sexuality": {
        "alias": "  - human_sexuality",
        "acc,none": 0.6412213740458015,
        "acc_stderr,none": 0.04206739313864908
      },
      "mmlu_professional_psychology": {
        "alias": "  - professional_psychology",
        "acc,none": 0.5702614379084967,
        "acc_stderr,none": 0.02002712278492852
      },
      "mmlu_public_relations": {
        "alias": "  - public_relations",
        "acc,none": 0.6090909090909091,
        "acc_stderr,none": 0.046737523336702363
      },
      "mmlu_security_studies": {
        "alias": "  - security_studies",
        "acc,none": 0.6612244897959184,
        "acc_stderr,none": 0.030299506562154174
      },
      "mmlu_sociology": {
        "alias": "  - sociology",