{
  "model.layers.0.mlp.gate_proj": -4.468818187713623,
  "model.layers.0.mlp.up_proj": -4.472421169281006,
  "model.layers.0.mlp.down_proj": -5.958135604858398,
  "model.layers.1.mlp.gate_proj": -4.397373199462891,
  "model.layers.1.mlp.up_proj": -4.355159282684326,
  "model.layers.1.mlp.down_proj": -6.067648410797119,
  "model.layers.2.mlp.gate_proj": -4.220504283905029,
  "model.layers.2.mlp.up_proj": -4.218317031860352,
  "model.layers.2.mlp.down_proj": -6.1273722648620605,
  "model.layers.3.mlp.gate_proj": -4.09437894821167,
  "model.layers.3.mlp.up_proj": -4.125754356384277,
  "model.layers.3.mlp.down_proj": -6.123025417327881,
  "model.layers.4.mlp.gate_proj": -3.995422601699829,
  "model.layers.4.mlp.up_proj": -4.014658451080322,
  "model.layers.4.mlp.down_proj": -5.915922164916992,
  "model.layers.5.mlp.gate_proj": -3.8798110485076904,
  "model.layers.5.mlp.up_proj": -3.9032158851623535,
  "model.layers.5.mlp.down_proj": -5.744156360626221,
  "model.layers.6.mlp.gate_proj": -3.717768669128418,
  "model.layers.6.mlp.up_proj": -3.725064516067505,
  "model.layers.6.mlp.down_proj": -5.697962284088135,
  "model.layers.7.mlp.gate_proj": -3.6181225776672363,
  "model.layers.7.mlp.up_proj": -3.6348941326141357,
  "model.layers.7.mlp.down_proj": -5.330067157745361,
  "model.layers.8.mlp.gate_proj": -3.4869675636291504,
  "model.layers.8.mlp.up_proj": -3.4959616661071777,
  "model.layers.8.mlp.down_proj": -5.458078861236572,
  "model.layers.9.mlp.gate_proj": -3.3980324268341064,
  "model.layers.9.mlp.up_proj": -3.403153419494629,
  "model.layers.9.mlp.down_proj": -5.303274631500244,
  "model.layers.10.mlp.gate_proj": -3.244302272796631,
  "model.layers.10.mlp.up_proj": -3.257798194885254,
  "model.layers.10.mlp.down_proj": -5.0925822257995605,
  "model.layers.11.mlp.gate_proj": -3.1747210025787354,
  "model.layers.11.mlp.up_proj": -3.181898355484009,
  "model.layers.11.mlp.down_proj": -5.031794548034668,
  "model.layers.12.mlp.gate_proj": -3.0733911991119385,
  "model.layers.12.mlp.up_proj": -3.0852460861206055,
  "model.layers.12.mlp.down_proj": -4.974234580993652,
  "model.layers.13.mlp.gate_proj": -3.026026964187622,
  "model.layers.13.mlp.up_proj": -3.045804977416992,
  "model.layers.13.mlp.down_proj": -4.694120407104492,
  "model.layers.14.mlp.gate_proj": -2.9158289432525635,
  "model.layers.14.mlp.up_proj": -2.9568490982055664,
  "model.layers.14.mlp.down_proj": -4.561506748199463,
  "model.layers.15.mlp.gate_proj": -2.85681414604187,
  "model.layers.15.mlp.up_proj": -2.8755736351013184,
  "model.layers.15.mlp.down_proj": -4.242258548736572,
  "model.layers.16.mlp.gate_proj": -2.765843391418457,
  "model.layers.16.mlp.up_proj": -2.779557943344116,
  "model.layers.16.mlp.down_proj": -4.013706684112549,
  "model.layers.17.mlp.gate_proj": -2.637145757675171,
  "model.layers.17.mlp.up_proj": -2.6658031940460205,
  "model.layers.17.mlp.down_proj": -3.7687580585479736,
  "model.layers.18.mlp.gate_proj": -2.6092233657836914,
  "model.layers.18.mlp.up_proj": -2.662674903869629,
  "model.layers.18.mlp.down_proj": -3.44124174118042,
  "model.layers.19.mlp.gate_proj": -2.581040382385254,
  "model.layers.19.mlp.up_proj": -2.6162352561950684,
  "model.layers.19.mlp.down_proj": -3.2136640548706055,
  "model.layers.20.mlp.gate_proj": -2.5808329582214355,
  "model.layers.20.mlp.up_proj": -2.625157594680786,
  "model.layers.20.mlp.down_proj": -2.9959373474121094,
  "model.layers.21.mlp.gate_proj": -2.505908966064453,
  "model.layers.21.mlp.up_proj": -2.5420098304748535,
  "model.layers.21.mlp.down_proj": -2.8883447647094727,
  "model.layers.22.mlp.gate_proj": -2.5239315032958984,
  "model.layers.22.mlp.up_proj": -2.5531136989593506,
  "model.layers.22.mlp.down_proj": -2.6262967586517334,
  "model.layers.23.mlp.gate_proj": -2.602870464324951,
  "model.layers.23.mlp.up_proj": -2.625908851623535,
  "model.layers.23.mlp.down_proj": -2.4973485469818115,
  "model.layers.24.mlp.gate_proj": -2.5634593963623047,
  "model.layers.24.mlp.up_proj": -2.580329418182373,
  "model.layers.24.mlp.down_proj": -2.258168935775757,
  "model.layers.25.mlp.gate_proj": -2.5909676551818848,
  "model.layers.25.mlp.up_proj": -2.5963783264160156,
  "model.layers.25.mlp.down_proj": -1.9194062948226929,
  "model.layers.26.mlp.gate_proj": -2.5610570907592773,
  "model.layers.26.mlp.up_proj": -2.566328525543213,
  "model.layers.26.mlp.down_proj": -1.8543943166732788,
  "model.layers.27.mlp.gate_proj": -2.5192840099334717,
  "model.layers.27.mlp.up_proj": -2.5204927921295166,
  "model.layers.27.mlp.down_proj": -1.5932127237319946,
  "model.layers.28.mlp.gate_proj": -2.525550365447998,
  "model.layers.28.mlp.up_proj": -2.525859832763672,
  "model.layers.28.mlp.down_proj": -1.4483771324157715,
  "model.layers.29.mlp.gate_proj": -2.531247854232788,
  "model.layers.29.mlp.up_proj": -2.5473897457122803,
  "model.layers.29.mlp.down_proj": -1.5767611265182495,
  "model.layers.30.mlp.gate_proj": -2.374001979827881,
  "model.layers.30.mlp.up_proj": -2.349034309387207,
  "model.layers.30.mlp.down_proj": -1.2497764825820923,
  "model.layers.31.mlp.gate_proj": -2.138861656188965,
  "model.layers.31.mlp.up_proj": -2.138540029525757,
  "model.layers.31.mlp.down_proj": -0.7416059374809265
}